X,Y,month,day,FFMC,DMC,DC,ISI,temp,RH,wind,rain,area,BUI,FWI,log_area,month_num,day_num
7,5,mar,fri,86.2,26.2,94.3,5.1,8.2,51,6.7,0.0,0.0,30.921902377488706,10.29358962395811,0.0,3,5
7,4,oct,tue,90.6,35.4,669.1,6.7,18.0,33,0.9,0.0,0.0,62.52940865871657,18.709734202771582,0.0,10,2
7,4,oct,sat,90.6,43.7,686.9,6.7,14.6,33,1.3,0.0,0.0,75.4067198389895,20.671156194332923,0.0,10,6
8,6,mar,fri,91.7,33.3,77.5,9.0,8.3,97,4.0,0.2,0.0,33.26019872516943,16.73680437576227,0.0,3,5
8,6,mar,sun,89.3,51.3,102.2,9.6,11.4,99,1.8,0.0,0.0,51.15059166448742,21.854667244093104,0.0,3,7
8,6,aug,sun,92.3,85.3,488.0,14.7,22.2,29,5.4,0.0,0.0,118.72057040955892,43.61699948495476,0.0,8,7
8,6,aug,mon,92.3,88.9,495.6,8.5,24.1,27,3.1,0.0,0.0,122.75221842960667,30.85914569734123,0.0,8,1
8,6,aug,mon,91.5,145.4,608.2,10.7,8.0,86,2.2,0.0,0.0,182.01560152263554,40.06526330421767,0.0,8,1
8,6,sep,tue,91.0,129.5,692.6,7.0,13.1,63,5.4,0.0,0.0,176.4976632061384,30.102377856962164,0.0,9,2
7,5,sep,sat,92.5,88.0,698.6,7.1,22.8,40,4.0,0.0,0.0,133.84890050039778,28.2052749552749,0.0,9,6
7,5,sep,sat,92.5,88.0,698.6,7.1,17.8,51,7.2,0.0,0.0,133.84890050039778,28.2052749552749,0.0,9,6
7,5,sep,sat,92.8,73.2,713.0,22.6,19.3,38,4.0,0.0,0.0,116.4991071425321,56.70511732840478,0.0,9,6
6,5,aug,fri,63.5,70.8,665.3,0.8,17.0,72,6.7,0.0,0.0,111.84433099812463,4.28682653430775,0.0,8,5
6,5,sep,mon,90.9,126.5,686.5,7.0,21.3,42,2.2,0.0,0.0,173.2081775114106,29.991321656136044,0.0,9,1
6,5,sep,wed,92.9,133.3,699.6,9.2,26.4,21,4.5,0.0,0.0,180.58126543016755,36.26162701497758,0.0,9,3
6,5,sep,fri,93.3,141.2,713.9,13.9,22.9,44,5.4,0.0,0.0,188.96368919254627,47.629368116577616,0.0,9,5
5,5,mar,sat,91.7,35.8,80.8,7.8,15.1,27,5.4,0.0,0.0,35.74186677227423,15.592700414327753,0.0,3,6
8,5,oct,mon,84.9,32.8,664.2,3.0,16.7,47,4.9,0.0,0.0,58.39120879101316,9.582768678796116,0.0,10,1
6,4,mar,wed,89.2,27.9,70.8,6.3,15.9,35,4.0,0.0,0.0,28.108431162787113,11.6144789367111,0.0,3,3
6,4,apr,sat,86.3,27.4,97.1,5.1,9.3,44,4.5,0.0,0.0,32.13212560337965,10.517521758608494,0.0,4,6
6,4,sep,tue,91.0,129.5,692.6,7.0,18.3,40,2.7,0.0,0.0,176.4976632061384,30.102377856962164,0.0,9,2
5,4,sep,mon,91.8,78.5,724.3,9.2,19.1,38,2.7,0.0,0.0,123.52952039508033,32.61929199405699,0.0,9,1
7,4,jun,sun,94.3,96.3,200.0,56.1,21.0,44,4.5,0.0,0.0,96.10658811922859,90.37026331724661,0.0,6,7
7,4,aug,sat,90.2,110.9,537.4,6.2,19.5,43,5.8,0.0,0.0,146.3147609398321,26.45888564630576,0.0,8,6
7,4,aug,sat,93.5,139.4,594.2,20.3,23.7,32,5.8,0.0,0.0,175.73242813149537,59.558930129356305,0.0,8,6
7,4,aug,sun,91.4,142.4,601.4,10.6,16.3,60,5.4,0.0,0.0,178.89985377016166,39.70439257661617,0.0,8,7
7,4,sep,fri,92.4,117.9,668.0,12.2,19.0,34,5.8,0.0,0.0,163.60882887519188,42.70268262149059,0.0,9,5
7,4,sep,mon,90.9,126.5,686.5,7.0,19.4,48,1.3,0.0,0.0,173.2081775114106,29.991321656136044,0.0,9,1
6,3,sep,sat,93.4,145.4,721.4,8.1,30.2,24,2.7,0.0,0.0,193.36631947600387,33.70155957441061,0.0,9,6
6,3,sep,sun,93.5,149.3,728.6,8.1,22.8,39,3.6,0.0,0.0,197.4497073099845,33.798986235016876,0.0,9,7
6,3,sep,fri,94.3,85.1,692.3,15.9,25.4,24,3.6,0.0,0.0,130.1911054634269,47.399987567924,0.0,9,5
6,3,sep,mon,88.6,91.8,709.9,7.1,11.2,78,7.6,0.0,0.0,138.7456248665671,28.552062822790234,0.0,9,1
6,3,sep,fri,88.6,69.7,706.8,5.8,20.6,37,1.8,0.0,0.0,111.83011179810502,22.793092509697313,0.0,9,5
6,3,sep,sun,91.7,75.6,718.3,7.8,17.7,39,3.6,0.0,0.0,119.70347183919402,28.82552010420433,0.0,9,7
6,3,sep,mon,91.8,78.5,724.3,9.2,21.2,32,2.7,0.0,0.0,123.52952039508033,32.61929199405699,0.0,9,1
6,3,sep,tue,90.3,80.7,730.2,6.3,18.2,62,4.5,0.0,0.0,126.45987445644494,25.437729314875188,0.0,9,2
6,3,oct,tue,90.6,35.4,669.1,6.7,21.7,24,4.5,0.0,0.0,62.52940865871657,18.709734202771582,0.0,10,2
7,4,oct,fri,90.0,41.5,682.6,8.7,11.3,60,5.4,0.0,0.0,72.04908755620256,24.297827947129765,0.0,10,5
7,3,oct,sat,90.6,43.7,686.9,6.7,17.8,27,4.0,0.0,0.0,75.4067198389895,20.671156194332923,0.0,10,6
4,4,mar,tue,88.1,25.7,67.6,3.8,14.1,43,2.7,0.0,0.0,26.35297686715296,7.271581364868677,0.0,3,2
4,4,jul,tue,79.5,60.6,366.7,1.5,23.3,37,3.1,0.0,0.0,85.76619065956308,6.658681053589519,0.0,7,2
4,4,aug,sat,90.2,96.9,624.2,8.9,18.4,42,6.7,0.0,0.0,139.61562698326617,33.30983458345214,0.0,8,6
4,4,aug,tue,94.8,108.3,647.1,17.0,16.6,54,5.4,0.0,0.0,152.70671678337226,51.81068453658947,0.0,8,2
4,4,sep,sat,92.5,88.0,698.6,7.1,19.6,48,2.7,0.0,0.0,133.84890050039778,28.2052749552749,0.0,9,6
4,4,sep,wed,90.1,82.9,735.7,6.2,12.9,74,4.9,0.0,0.0,129.3589904021174,25.374853396886344,0.0,9,3
5,6,sep,wed,94.3,85.1,692.3,15.9,25.9,24,4.0,0.0,0.0,130.1911054634269,47.399987567924,0.0,9,3
5,6,sep,mon,90.9,126.5,686.5,7.0,14.7,70,3.6,0.0,0.0,173.2081775114106,29.991321656136044,0.0,9,1
6,6,jul,mon,94.2,62.3,442.9,11.0,23.0,36,3.1,0.0,0.0,92.18297836760969,32.29444513611015,0.0,7,1
4,4,mar,mon,87.2,23.9,64.7,4.1,11.8,35,1.8,0.0,0.0,24.850622739557043,7.521633948945658,0.0,3,1
4,4,mar,mon,87.6,52.2,103.8,5.0,11.0,46,5.8,0.0,0.0,52.048006210160395,13.564662059356657,0.0,3,1
4,4,sep,thu,92.9,137.0,706.4,9.2,20.8,17,1.3,0.0,0.0,184.53007913007787,36.394270321571774,0.0,9,4
4,3,aug,sun,90.2,99.6,631.2,6.3,21.5,34,2.2,0.0,0.0,142.8482617582855,26.554408108398693,0.0,8,7
4,3,aug,wed,92.1,111.2,654.1,9.6,20.4,42,4.9,0.0,0.0,156.06891964339644,36.14975099312447,0.0,8,3
4,3,aug,wed,92.1,111.2,654.1,9.6,20.4,42,4.9,0.0,0.0,156.06891964339644,36.14975099312447,0.0,8,3
4,3,aug,thu,91.7,114.3,661.3,6.3,17.6,45,3.6,0.0,0.0,159.62534185058965,27.404589616719306,0.0,8,4
4,3,sep,thu,92.9,137.0,706.4,9.2,27.7,24,2.2,0.0,0.0,184.53007913007787,36.394270321571774,0.0,9,4
4,3,sep,tue,90.3,80.7,730.2,6.3,17.8,63,4.9,0.0,0.0,126.45987445644494,25.437729314875188,0.0,9,2
4,3,oct,sun,92.6,46.5,691.8,8.8,13.8,50,2.7,0.0,0.0,79.62056803390998,25.782795895969628,0.0,10,7
2,2,feb,mon,84.0,9.3,34.0,2.1,13.9,40,5.4,0.0,0.0,11.046288209124617,2.040474833182857,0.0,2,1
2,2,feb,fri,86.6,13.2,43.0,5.3,12.3,51,0.9,0.0,0.0,14.936842104771817,7.11211680268242,0.0,2,5
2,2,mar,sun,89.3,51.3,102.2,9.6,11.5,39,5.8,0.0,0.0,51.15059166448742,21.854667244093104,0.0,3,7
2,2,mar,sun,89.3,51.3,102.2,9.6,5.5,59,6.3,0.0,0.0,51.15059166448742,21.854667244093104,0.0,3,7
2,2,aug,thu,93.0,75.3,466.6,7.7,18.8,35,4.9,0.0,0.0,107.30695579099297,27.254030227066078,0.0,8,4
2,2,aug,sun,90.2,99.6,631.2,6.3,20.8,33,2.7,0.0,0.0,142.8482617582855,26.554408108398693,0.0,8,7
2,2,aug,mon,91.1,103.2,638.8,5.8,23.1,31,3.1,0.0,0.0,147.02087421903707,25.301233959196704,0.0,8,1
2,2,aug,thu,91.7,114.3,661.3,6.3,18.6,44,4.5,0.0,0.0,159.62534185058965,27.404589616719306,0.0,8,4
2,2,sep,fri,92.4,117.9,668.0,12.2,23.0,37,4.5,0.0,0.0,163.60882887519188,42.70268262149059,0.0,9,5
2,2,sep,fri,92.4,117.9,668.0,12.2,19.6,33,5.4,0.0,0.0,163.60882887519188,42.70268262149059,0.0,9,5
2,2,sep,fri,92.4,117.9,668.0,12.2,19.6,33,6.3,0.0,0.0,163.60882887519188,42.70268262149059,0.0,9,5
4,5,mar,fri,91.7,33.3,77.5,9.0,17.2,26,4.5,0.0,0.0,33.26019872516943,16.73680437576227,0.0,3,5
4,5,mar,fri,91.2,48.3,97.8,12.5,15.8,27,7.6,0.0,0.0,48.16531199195965,25.533338337833204,0.0,3,5
4,5,sep,fri,94.3,85.1,692.3,15.9,17.7,37,3.6,0.0,0.0,130.1911054634269,47.399987567924,0.0,9,5
5,4,mar,fri,91.7,33.3,77.5,9.0,15.6,25,6.3,0.0,0.0,33.26019872516943,16.73680437576227,0.0,3,5
5,4,aug,tue,88.8,147.3,614.5,9.0,17.3,43,4.5,0.0,0.0,184.2093106075192,35.862470967408655,0.0,8,2
5,4,sep,fri,93.3,141.2,713.9,13.9,27.6,30,1.3,0.0,0.0,188.96368919254627,47.629368116577616,0.0,9,5
9,9,feb,thu,84.2,6.8,26.6,7.7,6.7,79,3.1,0.0,0.0,8.297247705946258,7.42154347831697,0.0,2,4
9,9,feb,fri,86.6,13.2,43.0,5.3,15.7,43,3.1,0.0,0.0,14.936842104771817,7.11211680268242,0.0,2,5
1,3,mar,mon,87.6,52.2,103.8,5.0,8.3,72,3.1,0.0,0.0,52.048006210160395,13.564662059356657,0.0,3,1
1,2,aug,fri,90.1,108.0,529.8,12.5,14.7,66,2.7,0.0,0.0,143.08177044216345,41.90149626550675,0.0,8,5
1,2,aug,tue,91.0,121.2,561.6,7.0,21.6,19,6.7,0.0,0.0,157.45065926394446,29.34496147543134,0.0,8,2
1,2,aug,sun,91.4,142.4,601.4,10.6,19.5,39,6.3,0.0,0.0,178.89985377016166,39.70439257661617,0.0,8,7
1,2,aug,sun,90.2,99.6,631.2,6.3,17.9,44,2.2,0.0,0.0,142.8482617582855,26.554408108398693,0.0,8,7
1,2,aug,tue,94.8,108.3,647.1,17.0,18.6,51,4.5,0.0,0.0,152.70671678337226,51.81068453658947,0.0,8,2
1,2,aug,wed,92.1,111.2,654.1,9.6,16.6,47,0.9,0.0,0.0,156.06891964339644,36.14975099312447,0.0,8,3
1,2,aug,thu,91.7,114.3,661.3,6.3,20.2,45,3.6,0.0,0.0,159.62534185058965,27.404589616719306,0.0,8,4
1,2,sep,thu,92.9,137.0,706.4,9.2,21.5,15,0.9,0.0,0.0,184.53007913007787,36.394270321571774,0.0,9,4
1,2,sep,thu,92.9,137.0,706.4,9.2,25.4,27,2.2,0.0,0.0,184.53007913007787,36.394270321571774,0.0,9,4
1,2,sep,thu,92.9,137.0,706.4,9.2,22.4,34,2.2,0.0,0.0,184.53007913007787,36.394270321571774,0.0,9,4
1,2,sep,sun,93.5,149.3,728.6,8.1,25.3,36,3.6,0.0,0.0,197.4497073099845,33.798986235016876,0.0,9,7
6,5,mar,sat,91.7,35.8,80.8,7.8,17.4,25,4.9,0.0,0.0,35.74186677227423,15.592700414327753,0.0,3,6
6,5,aug,sat,90.2,96.9,624.2,8.9,14.7,59,5.8,0.0,0.0,139.61562698326617,33.30983458345214,0.0,8,6
8,6,mar,fri,91.7,35.8,80.8,7.8,17.4,24,5.4,0.0,0.0,35.74186677227423,15.592700414327753,0.0,3,5
8,6,aug,sun,92.3,85.3,488.0,14.7,20.8,32,6.3,0.0,0.0,118.72057040955892,43.61699948495476,0.0,8,7
8,6,aug,sun,91.4,142.4,601.4,10.6,18.2,43,4.9,0.0,0.0,178.89985377016166,39.70439257661617,0.0,8,7
8,6,aug,mon,91.1,103.2,638.8,5.8,23.4,22,2.7,0.0,0.0,147.02087421903707,25.301233959196704,0.0,8,1
4,4,sep,sun,89.7,90.0,704.4,4.8,17.8,64,1.3,0.0,0.0,136.42349903126635,21.603875626117127,0.0,9,7
3,4,feb,sat,83.9,8.0,30.2,2.6,12.7,48,1.8,0.0,0.0,9.62549800748877,2.502919633103681,0.0,2,6
3,4,mar,sat,69.0,2.4,15.5,0.7,17.4,24,5.4,0.0,0.0,3.46046511587669,0.25962781322128586,0.0,3,6
3,4,aug,sun,91.4,142.4,601.4,10.6,11.6,87,4.5,0.0,0.0,178.89985377016166,39.70439257661617,0.0,8,7
3,4,aug,sun,91.4,142.4,601.4,10.6,19.8,39,5.4,0.0,0.0,178.89985377016166,39.70439257661617,0.0,8,7
3,4,aug,sun,91.4,142.4,601.4,10.6,19.8,39,5.4,0.0,0.0,178.89985377016166,39.70439257661617,0.0,8,7
3,4,aug,tue,88.8,147.3,614.5,9.0,14.4,66,5.4,0.0,0.0,184.2093106075192,35.862470967408655,0.0,8,2
2,4,aug,tue,94.8,108.3,647.1,17.0,20.1,40,4.0,0.0,0.0,152.70671678337226,51.81068453658947,0.0,8,2
2,4,sep,sat,92.5,121.1,674.4,8.6,24.1,29,4.5,0.0,0.0,167.15926930315928,34.165757921731306,0.0,9,6
2,4,jan,sat,82.1,3.7,9.3,2.9,5.3,78,3.1,0.0,0.0,3.7099730453221063,1.4268971142253015,0.0,1,6
4,5,mar,fri,85.9,19.5,57.3,2.8,12.7,52,6.3,0.0,0.0,21.072135784510323,4.7038059016441585,0.0,3,5
4,5,mar,thu,91.4,30.7,74.3,7.5,18.2,29,3.1,0.0,0.0,30.682355596248648,13.96924730155254,0.0,3,4
4,5,aug,sun,90.2,99.6,631.2,6.3,21.4,33,3.1,0.0,0.0,142.8482617582855,26.554408108398693,0.0,8,7
4,5,sep,sat,92.5,88.0,698.6,7.1,20.3,45,3.1,0.0,0.0,133.84890050039778,28.2052749552749,0.0,9,6
4,5,sep,mon,88.6,91.8,709.9,7.1,17.4,56,5.4,0.0,0.0,138.7456248665671,28.552062822790234,0.0,9,1
4,4,mar,fri,85.9,19.5,57.3,2.8,13.7,43,5.8,0.0,0.0,21.072135784510323,4.7038059016441585,0.0,3,5
3,4,mar,fri,91.7,33.3,77.5,9.0,18.8,18,4.5,0.0,0.0,33.26019872516943,16.73680437576227,0.0,3,5
3,4,sep,sun,89.7,90.0,704.4,4.8,22.8,39,3.6,0.0,0.0,136.42349903126635,21.603875626117127,0.0,9,7
3,4,sep,mon,91.8,78.5,724.3,9.2,18.9,35,2.7,0.0,0.0,123.52952039508033,32.61929199405699,0.0,9,1
3,4,mar,tue,88.1,25.7,67.6,3.8,15.8,27,7.6,0.0,0.0,26.35297686715296,7.271581364868677,0.0,3,2
3,5,mar,tue,88.1,25.7,67.6,3.8,15.5,27,6.3,0.0,0.0,26.35297686715296,7.271581364868677,0.0,3,2
3,4,mar,sat,91.7,35.8,80.8,7.8,11.6,30,6.3,0.0,0.0,35.74186677227423,15.592700414327753,0.0,3,6
3,4,mar,sat,91.7,35.8,80.8,7.8,15.2,27,4.9,0.0,0.0,35.74186677227423,15.592700414327753,0.0,3,6
3,4,mar,mon,90.1,39.7,86.6,6.2,10.6,30,4.0,0.0,0.0,39.619694403396736,13.804988689463622,0.0,3,1
3,4,aug,thu,93.0,75.3,466.6,7.7,19.6,36,3.1,0.0,0.0,107.30695579099297,27.254030227066078,0.0,8,4
3,4,aug,mon,91.5,145.4,608.2,10.7,10.3,74,2.2,0.0,0.0,182.01560152263554,40.06526330421767,0.0,8,1
3,4,aug,mon,91.5,145.4,608.2,10.7,17.1,43,5.4,0.0,0.0,182.01560152263554,40.06526330421767,0.0,8,1
3,4,sep,sun,92.4,124.1,680.7,8.5,22.5,42,5.4,0.0,0.0,170.49269892484364,34.04376772640374,0.0,9,7
3,4,sep,tue,84.4,73.4,671.9,3.2,17.9,45,3.1,0.0,0.0,115.30853401883533,14.927395335366821,0.0,9,2
3,4,sep,fri,94.3,85.1,692.3,15.9,19.8,50,5.4,0.0,0.0,130.1911054634269,47.399987567924,0.0,9,5
3,4,oct,sun,92.6,46.5,691.8,8.8,20.6,24,5.4,0.0,0.0,79.62056803390998,25.782795895969628,0.0,10,7
3,5,mar,mon,87.6,52.2,103.8,5.0,9.0,49,2.2,0.0,0.0,52.048006210160395,13.564662059356657,0.0,3,1
3,5,sep,fri,93.5,149.3,728.6,8.1,17.2,43,3.1,0.0,0.0,197.4497073099845,33.798986235016876,0.0,9,5
3,5,oct,wed,91.4,37.9,673.8,5.2,15.9,46,3.6,0.0,0.0,66.4550647320719,16.01321249822907,0.0,10,3
2,5,oct,sun,92.6,46.5,691.8,8.8,15.4,35,0.9,0.0,0.0,79.62056803390998,25.782795895969628,0.0,10,7
4,6,feb,sat,68.2,21.5,87.2,0.8,15.4,40,2.7,0.0,0.0,26.602341255292615,0.8719090062809473,0.0,2,6
4,6,mar,mon,87.2,23.9,64.7,4.1,14.0,39,3.1,0.0,0.0,24.850622739557043,7.521633948945658,0.0,3,1
4,6,mar,sun,89.3,51.3,102.2,9.6,10.6,46,4.9,0.0,0.0,51.15059166448742,21.854667244093104,0.0,3,7
4,6,sep,thu,93.7,80.9,685.2,17.9,17.6,42,3.1,0.0,0.0,124.92575356322916,50.33937568510835,0.0,9,4
3,5,mar,tue,88.1,25.7,67.6,3.8,14.9,38,2.7,0.0,0.0,26.35297686715296,7.271581364868677,0.0,3,2
3,5,aug,sat,93.5,139.4,594.2,20.3,17.6,52,5.8,0.0,0.0,175.73242813149537,59.558930129356305,0.0,8,6
3,6,sep,sun,92.4,124.1,680.7,8.5,17.2,58,1.3,0.0,0.0,170.49269892484364,34.04376772640374,0.0,9,7
3,6,sep,mon,90.9,126.5,686.5,7.0,15.6,66,3.1,0.0,0.0,173.2081775114106,29.991321656136044,0.0,9,1
9,9,jul,tue,85.8,48.3,313.4,3.9,18.0,42,2.7,0.0,0.36,69.7326730388706,13.182380319444613,0.3074846997479606,7,2
1,4,sep,tue,91.0,129.5,692.6,7.0,21.7,38,2.2,0.0,0.43,176.4976632061384,30.102377856962164,0.35767444427181594,9,2
2,5,sep,mon,90.9,126.5,686.5,7.0,21.9,39,1.8,0.0,0.47,173.2081775114106,29.991321656136044,0.3852624007906449,9,1
1,2,aug,wed,95.5,99.9,513.3,13.2,23.3,31,4.5,0.0,0.55,134.4044820125339,42.55718011297107,0.4382549309311553,8,3
8,6,aug,fri,90.1,108.0,529.8,12.5,21.2,51,8.9,0.0,0.61,143.08177044216345,41.90149626550675,0.4762341789963716,8,5
1,2,jul,sat,90.0,51.3,296.3,8.7,16.6,53,5.4,0.0,0.71,71.60612413101163,24.220817572405167,0.5364933705145685,7,6
2,5,aug,wed,95.5,99.9,513.3,13.2,23.8,32,5.4,0.0,0.77,134.4044820125339,42.55718011297107,0.5709795465857378,8,3
6,5,aug,thu,95.2,131.7,578.8,10.4,27.4,22,4.0,0.0,0.9,167.8937503436818,38.7387189928124,0.6418538861723948,8,4
5,4,mar,mon,90.1,39.7,86.6,6.2,13.2,40,5.4,0.0,0.95,39.619694403396736,13.804988689463622,0.6678293725756554,3,1
8,3,sep,tue,84.4,73.4,671.9,3.2,24.2,28,3.6,0.0,0.96,115.30853401883533,14.927395335366821,0.6729444732424258,9,2
2,2,aug,tue,94.8,108.3,647.1,17.0,17.4,43,6.7,0.0,1.07,152.70671678337226,51.81068453658947,0.7275486072772778,8,2
8,6,sep,thu,93.7,80.9,685.2,17.9,23.7,25,4.5,0.0,1.12,124.92575356322916,50.33937568510835,0.7514160886839212,9,4
6,5,jun,fri,92.5,56.4,433.3,7.1,23.2,39,5.4,0.0,1.19,85.10576353784997,22.960097508751865,0.7839015438284094,6,5
9,9,jul,sun,90.1,68.6,355.2,7.2,24.8,29,2.2,0.0,1.36,92.52599202538195,24.21315311068004,0.8586616190375187,7,7
3,4,jul,sat,90.1,51.2,424.1,6.2,24.6,43,1.8,0.0,1.43,78.6593733015819,19.99028186310031,0.8878912573524571,7,6
5,4,sep,fri,94.3,85.1,692.3,15.9,20.1,47,4.9,0.0,1.46,130.1911054634269,47.399987567924,0.9001613499442714,9,5
1,5,sep,sat,93.4,145.4,721.4,8.1,29.6,27,2.7,0.0,1.46,193.36631947600387,33.70155957441061,0.9001613499442714,9,6
7,4,aug,sun,94.8,108.3,647.1,17.0,16.4,47,1.3,0.0,1.56,152.70671678337226,51.81068453658947,0.9400072584914712,8,7
2,4,sep,sat,93.4,145.4,721.4,8.1,28.6,27,2.2,0.0,1.61,193.36631947600387,33.70155957441061,0.9593502213346021,9,6
2,2,aug,wed,92.1,111.2,654.1,9.6,18.4,45,3.6,0.0,1.63,156.06891964339644,36.14975099312447,0.9669838461896731,8,3
2,4,aug,wed,92.1,111.2,654.1,9.6,20.5,35,4.0,0.0,1.64,156.06891964339644,36.14975099312447,0.9707789171582247,8,3
7,4,sep,fri,92.4,117.9,668.0,12.2,19.0,34,5.8,0.0,1.69,163.60882887519188,42.70268262149059,0.9895411936137477,9,5
7,4,mar,mon,90.1,39.7,86.6,6.2,16.1,29,3.1,0.0,1.75,39.619694403396736,13.804988689463622,1.0116009116784799,3,1
6,4,aug,thu,95.2,131.7,578.8,10.4,20.3,41,4.0,0.0,1.9,167.8937503436818,38.7387189928124,1.0647107369924282,8,4
6,3,mar,sat,90.6,50.1,100.4,7.8,15.2,31,8.5,0.0,1.94,49.95618727559202,18.577718086852258,1.0784095813505903,3,6
8,6,sep,sat,92.5,121.1,674.4,8.6,17.8,56,1.8,0.0,1.95,167.15926930315928,34.165757921731306,1.0818051703517284,9,6
8,5,sep,sun,89.7,90.0,704.4,4.8,17.8,67,2.2,0.0,2.01,136.42349903126635,21.603875626117127,1.1019400787607843,9,7
6,5,mar,thu,84.9,18.2,55.0,3.0,5.3,70,4.5,0.0,2.14,19.92039800945472,4.868842178733515,1.144222799920162,3,4
6,5,aug,wed,92.1,111.2,654.1,9.6,16.6,47,0.9,0.0,2.29,156.06891964339644,36.14975099312447,1.1908875647772805,8,3
6,5,aug,wed,96.0,127.1,570.5,16.5,23.4,33,4.5,0.0,2.51,163.26608499813324,51.65592189827885,1.2556160374777743,8,3
6,5,mar,fri,91.2,48.3,97.8,12.5,14.6,26,9.4,0.0,2.53,48.16531199195965,25.533338337833204,1.2612978709452054,3,5
8,6,aug,thu,95.2,131.7,578.8,10.4,20.7,45,2.2,0.0,2.55,167.8937503436818,38.7387189928124,1.2669476034873244,8,4
5,4,sep,wed,92.9,133.3,699.6,9.2,21.9,35,1.8,0.0,2.57,180.58126543016755,36.26162701497758,1.2725655957915476,9,3
8,6,aug,wed,85.6,90.4,609.6,6.6,17.4,50,4.0,0.0,2.69,131.90004786939954,26.687442291015678,1.3056264580524357,8,3
7,4,aug,sun,91.4,142.4,601.4,10.6,20.1,39,5.4,0.0,2.74,178.89985377016166,39.70439257661617,1.3190856114264407,8,7
4,4,sep,mon,90.9,126.5,686.5,7.0,17.7,39,2.2,0.0,3.07,173.2081775114106,29.991321656136044,1.4036429994545037,9,1
1,4,aug,sat,90.2,96.9,624.2,8.9,14.2,53,1.8,0.0,3.5,139.61562698326617,33.30983458345214,1.5040773967762742,8,6
1,4,aug,sat,90.2,96.9,624.2,8.9,20.3,39,4.9,0.0,4.53,139.61562698326617,33.30983458345214,1.7101878155342434,8,6
6,5,apr,thu,81.5,9.1,55.2,2.7,5.8,54,5.8,0.0,4.61,12.888261705808588,3.237979975726598,1.724550719534605,4,4
2,5,aug,sun,90.2,99.6,631.2,6.3,19.2,44,2.7,0.0,4.69,142.8482617582855,26.554408108398693,1.7387102481382397,8,7
2,5,sep,wed,90.1,82.9,735.7,6.2,18.3,45,2.2,0.0,4.88,129.3589904021174,25.374853396886344,1.7715567619105355,9,3
8,6,aug,tue,88.8,147.3,614.5,9.0,14.4,66,5.4,0.0,5.23,184.2093106075192,35.862470967408655,1.8293763327993617,8,2
1,3,sep,sun,92.4,124.1,680.7,8.5,23.9,32,6.7,0.0,5.33,170.49269892484364,34.04376772640374,1.8453002361560848,9,7
8,6,oct,mon,84.9,32.8,664.2,3.0,19.1,32,4.0,0.0,5.44,58.39120879101316,9.582768678796116,1.8625285401162623,10,1
5,4,feb,sun,86.8,15.6,48.3,3.9,12.4,53,2.2,0.0,6.38,17.261855669608767,5.787106968673488,1.998773638612381,2,7
7,4,oct,mon,91.7,48.5,696.1,11.1,16.8,45,4.5,0.0,6.83,82.61050957336941,30.772002193520958,2.057962510002712,10,1
8,6,aug,fri,93.9,135.7,586.7,15.1,20.8,34,4.9,0.0,6.96,171.96433932671323,49.38759513386533,2.0744289998562917,8,5
2,5,sep,tue,91.0,129.5,692.6,7.0,17.6,46,3.1,0.0,7.04,176.4976632061384,30.102377856962164,2.084429083190875,9,2
8,6,mar,sun,89.3,51.3,102.2,9.6,11.5,39,5.8,0.0,7.19,51.15059166448742,21.854667244093104,2.102913897864978,3,7
1,5,sep,mon,90.9,126.5,686.5,7.0,21.0,42,2.2,0.0,7.3,173.2081775114106,29.991321656136044,2.1162555148025524,9,1
6,4,mar,sat,90.8,41.9,89.4,7.9,13.3,42,0.9,0.0,7.4,41.80474736788387,17.085496681916535,2.128231705849268,3,6
7,4,mar,sun,90.7,44.0,92.4,5.5,11.5,60,4.0,0.0,8.24,43.893090231775865,13.29515652400026,2.2235418856535927,3,7
6,5,mar,fri,91.2,48.3,97.8,12.5,11.7,33,4.0,0.0,8.31,48.16531199195965,25.533338337833204,2.231089091288976,3,5
2,5,aug,thu,95.2,131.7,578.8,10.4,24.2,28,2.7,0.0,8.68,167.8937503436818,38.7387189928124,2.2700619012884857,8,4
2,2,aug,tue,94.8,108.3,647.1,17.0,24.6,22,4.5,0.0,8.71,152.70671678337226,51.81068453658947,2.2731562823032334,8,2
4,5,sep,wed,92.9,133.3,699.6,9.2,24.3,25,4.0,0.0,9.41,180.58126543016755,36.26162701497758,2.3427668826268775,9,3
2,2,aug,tue,94.8,108.3,647.1,17.0,24.6,22,4.5,0.0,10.01,152.70671678337226,51.81068453658947,2.3988039507345884,8,2
2,5,aug,fri,93.9,135.7,586.7,15.1,23.5,36,5.4,0.0,10.02,171.96433932671323,49.38759513386533,2.3997118037247684,8,5
6,5,apr,thu,81.5,9.1,55.2,2.7,5.8,54,5.8,0.0,10.93,12.888261705808588,3.237979975726598,2.4790562361098245,4,4
4,5,sep,thu,92.9,137.0,706.4,9.2,21.5,15,0.9,0.0,11.06,184.53007913007787,36.394270321571774,2.4898941912990393,9,4
3,4,sep,tue,91.0,129.5,692.6,7.0,13.9,59,6.3,0.0,11.24,176.4976632061384,30.102377856962164,2.50470927708418,9,2
2,4,sep,mon,63.5,70.8,665.3,0.8,22.6,38,3.6,0.0,11.32,111.84433099812463,4.28682653430775,2.511223958105374,9,1
1,5,sep,tue,91.0,129.5,692.6,7.0,21.6,33,2.2,0.0,11.53,176.4976632061384,30.102377856962164,2.528125768907977,9,2
6,5,mar,sun,90.1,37.6,83.7,7.2,12.4,54,3.6,0.0,12.1,37.53294300510197,15.051510747771266,2.5726122302071057,3,7
7,4,feb,sun,83.9,8.7,32.1,2.1,8.8,68,2.2,0.0,13.05,10.372144846315129,1.9289858706865726,2.642622395779755,2,7
8,6,oct,wed,91.4,37.9,673.8,5.2,20.2,37,2.7,0.0,13.7,66.4550647320719,16.01321249822907,2.6878474937846906,10,3
5,6,mar,sat,90.6,50.1,100.4,7.8,15.1,64,4.0,0.0,13.99,49.95618727559202,18.577718086852258,2.7073833121145063,3,6
4,5,sep,thu,92.9,137.0,706.4,9.2,22.1,34,1.8,0.0,14.57,184.53007913007787,36.394270321571774,2.745345985845907,9,4
2,2,aug,sat,93.5,139.4,594.2,20.3,22.9,31,7.2,0.0,15.45,175.73242813149537,59.558930129356305,2.800325477211381,8,6
7,5,sep,tue,91.0,129.5,692.6,7.0,20.7,37,2.2,0.0,17.2,176.4976632061384,30.102377856962164,2.9014215940827497,9,2
6,5,sep,fri,92.4,117.9,668.0,12.2,19.6,33,6.3,0.0,19.23,163.60882887519188,42.70268262149059,3.007166651179654,9,5
8,3,sep,thu,93.7,80.9,685.2,17.9,23.2,26,4.9,0.0,23.41,124.92575356322916,50.33937568510835,3.1949928844048685,9,4
4,4,oct,sat,90.6,43.7,686.9,6.7,18.4,25,3.1,0.0,24.23,75.4067198389895,20.671156194332923,3.2280337626529665,10,6
7,4,aug,sat,93.5,139.4,594.2,20.3,5.1,96,5.8,0.0,26.0,175.73242813149537,59.558930129356305,3.295836866004329,8,6
7,4,sep,fri,94.3,85.1,692.3,15.9,20.1,47,4.9,0.0,26.13,130.1911054634269,47.399987567924,3.3006401266708405,9,5
7,3,mar,mon,87.6,52.2,103.8,5.0,11.0,46,5.8,0.0,27.35,52.048006210160395,13.564662059356657,3.3446270301737613,3,1
4,4,mar,sat,91.7,35.8,80.8,7.8,17.0,27,4.9,0.0,28.66,35.74186677227423,15.592700414327753,3.389799336709786,3,6
4,4,mar,sat,91.7,35.8,80.8,7.8,17.0,27,4.9,0.0,28.66,35.74186677227423,15.592700414327753,3.389799336709786,3,6
4,4,sep,sun,92.4,124.1,680.7,8.5,16.9,60,1.3,0.0,29.48,170.49269892484364,34.04376772640374,3.4170707308184456,9,7
1,3,sep,mon,88.6,91.8,709.9,7.1,12.4,73,6.3,0.0,30.32,138.7456248665671,28.552062822790234,3.4442568711226023,9,1
4,5,sep,wed,92.9,133.3,699.6,9.2,19.4,19,1.3,0.0,31.72,180.58126543016755,36.26162701497758,3.487986511734546,9,3
6,5,mar,mon,90.1,39.7,86.6,6.2,15.2,27,3.1,0.0,31.86,39.619694403396736,13.804988689463622,3.492256112609122,3,1
8,6,aug,sun,90.2,99.6,631.2,6.3,16.2,59,3.1,0.0,32.07,142.8482617582855,26.554408108398693,3.4986265269937014,8,7
3,4,sep,fri,93.3,141.2,713.9,13.9,18.6,49,3.6,0.0,35.88,188.96368919254627,47.629368116577616,3.607669398688393,9,5
4,3,mar,mon,87.6,52.2,103.8,5.0,11.0,46,5.8,0.0,36.85,52.048006210160395,13.564662059356657,3.6336309798834576,3,1
2,2,jul,fri,88.3,150.3,309.9,6.8,13.4,79,3.6,0.0,37.02,149.97174762574195,28.395560150317657,3.6381123370602833,7,5
7,4,sep,wed,90.1,82.9,735.7,6.2,15.4,57,4.5,0.0,37.71,129.3589904021174,25.374853396886344,3.6560979645895566,9,3
4,4,sep,sun,93.5,149.3,728.6,8.1,22.9,39,4.9,0.0,48.55,197.4497073099845,33.798986235016876,3.902982260775997,9,7
7,5,oct,mon,91.7,48.5,696.1,11.1,16.1,44,4.0,0.0,49.37,82.61050957336941,30.772002193520958,3.9193957597575593,10,1
8,6,aug,sat,92.2,81.8,480.8,11.9,20.1,34,4.5,0.0,58.3,114.78021304496286,37.54820053697899,4.08260930600368,8,6
4,6,sep,sun,93.5,149.3,728.6,8.1,28.3,26,3.1,0.0,64.1,197.4497073099845,33.798986235016876,4.175924549214524,9,7
8,6,aug,sat,92.2,81.8,480.8,11.9,16.4,43,4.0,0.0,71.3,114.78021304496286,37.54820053697899,4.280824129164719,8,6
4,4,sep,wed,92.9,133.3,699.6,9.2,26.4,21,4.5,0.0,88.49,180.58126543016755,36.26162701497758,4.494126887194767,9,3
1,5,sep,sun,93.5,149.3,728.6,8.1,27.8,27,3.1,0.0,95.18,197.4497073099845,33.798986235016876,4.566221435849517,9,7
6,4,sep,tue,91.0,129.5,692.6,7.0,18.7,43,2.7,0.0,103.39,176.4976632061384,30.102377856962164,4.648133885420207,9,2
9,4,sep,tue,84.4,73.4,671.9,3.2,24.3,36,3.1,0.0,105.66,115.30853401883533,14.927395335366821,4.669646205172456,9,2
4,5,sep,sat,92.5,121.1,674.4,8.6,17.7,25,3.1,0.0,154.88,167.15926930315928,34.165757921731306,5.049086480470509,9,6
8,6,aug,sun,91.4,142.4,601.4,10.6,19.6,41,5.8,0.0,196.48,178.89985377016166,39.70439257661617,5.285637313390662,8,7
2,2,sep,sat,92.5,121.1,674.4,8.6,18.2,46,1.8,0.0,200.94,167.15926930315928,34.165757921731306,5.307970623576175,9,6
1,2,sep,tue,91.0,129.5,692.6,7.0,18.8,40,2.2,0.0,212.88,176.4976632061384,30.102377856962164,5.365415110080531,9,2
6,5,sep,sat,92.5,121.1,674.4,8.6,25.1,27,4.0,0.0,1090.84,167.15926930315928,34.165757921731306,6.995619625423205,9,6
7,5,apr,sun,81.9,3.0,7.9,3.5,13.4,75,1.8,0.0,0.0,3.0779220774224156,1.8080162370348358,0.0,4,7
6,3,apr,wed,88.0,17.2,43.5,3.8,15.2,51,2.7,0.0,0.0,17.299421964817935,5.649936831359661,0.0,4,3
4,4,apr,fri,83.0,23.3,85.3,2.3,16.7,20,3.1,0.0,0.0,27.69056077973371,4.611664702983262,0.0,4,5
2,4,aug,sun,94.2,122.3,589.9,12.9,15.4,66,4.0,0.0,10.13,161.10036286450875,44.099606388137445,2.4096441652874536,8,7
7,4,aug,sun,91.8,175.1,700.7,13.8,21.9,73,7.6,1.0,0.0,215.54318591019472,48.15635782799883,0.0,8,7
2,4,aug,sun,91.8,175.1,700.7,13.8,22.4,54,7.6,0.0,2.87,215.54318591019472,48.15635782799883,1.3532545070416904,8,7
3,4,aug,sun,91.8,175.1,700.7,13.8,26.8,38,6.3,0.0,0.76,215.54318591019472,48.15635782799883,0.5653138090500605,8,7
5,4,aug,sun,91.8,175.1,700.7,13.8,25.7,39,5.4,0.0,0.09,215.54318591019472,48.15635782799883,0.08617769624105233,8,7
2,4,aug,wed,92.2,91.6,503.6,9.6,20.7,70,2.2,0.0,0.75,125.934370733941,33.80140152190438,0.5596157879354227,8,3
8,6,aug,wed,93.1,157.3,666.7,13.5,28.7,28,2.7,0.0,0.0,197.88086230435903,47.05364253299451,0.0,8,3
3,4,aug,wed,93.1,157.3,666.7,13.5,21.7,40,0.4,0.0,2.47,197.88086230435903,47.05364253299451,1.244154593958768,8,3
8,5,aug,wed,93.1,157.3,666.7,13.5,26.8,25,3.1,0.0,0.68,197.88086230435903,47.05364253299451,0.5187937934151676,8,3
8,5,aug,wed,93.1,157.3,666.7,13.5,24.0,36,3.1,0.0,0.24,197.88086230435903,47.05364253299451,0.2151113796169455,8,3
6,5,aug,wed,93.1,157.3,666.7,13.5,22.1,37,3.6,0.0,0.21,197.88086230435903,47.05364253299451,0.19062035960864973,8,3
7,4,aug,thu,91.9,109.2,565.5,8.0,21.4,38,2.7,0.0,1.52,147.2930232553748,31.53076409443853,0.9242589015233319,8,4
6,3,aug,thu,91.6,138.1,621.7,6.3,18.9,41,3.1,0.0,10.34,177.582646465232,28.05519476928206,2.428336298299606,8,4
2,5,aug,thu,87.5,77.0,694.8,5.0,22.3,46,4.0,0.0,0.0,120.58965400619692,21.197311398400117,0.0,8,4
8,6,aug,sat,94.2,117.2,581.1,11.0,23.9,41,2.2,0.0,8.02,155.82866948817116,39.491459757890425,2.199444334074532,8,6
4,3,aug,sat,94.2,117.2,581.1,11.0,21.4,44,2.7,0.0,0.68,155.82866948817116,39.491459757890425,0.5187937934151676,8,6
3,4,aug,sat,91.8,170.9,692.3,13.7,20.6,59,0.9,0.0,0.0,211.36004644676126,47.846022640386,0.0,8,6
7,4,aug,sat,91.8,170.9,692.3,13.7,23.7,40,1.8,0.0,1.38,211.36004644676126,47.846022640386,0.8671004876833833,8,6
2,4,aug,mon,93.6,97.9,542.0,14.4,28.3,32,4.0,0.0,8.85,134.888592309708,45.04022600983694,2.2874714551839976,8,1
3,4,aug,fri,91.6,112.4,573.0,8.9,11.2,84,7.6,0.0,3.3,150.8318501166545,34.08107745407233,1.4586150226995167,8,5
2,4,aug,fri,91.6,112.4,573.0,8.9,21.4,42,3.1,0.0,4.25,150.8318501166545,34.08107745407233,1.6582280766035324,8,5
6,3,aug,fri,91.1,141.1,629.1,7.1,19.3,39,3.6,0.0,1.56,180.8137902933727,30.527964648883863,0.9400072584914712,8,5
4,4,aug,fri,94.3,167.6,684.4,13.0,21.8,53,3.1,0.0,6.54,207.91270618042435,46.20814958158334,2.020222182019865,8,5
4,4,aug,tue,93.7,102.2,550.3,14.6,22.1,54,7.6,0.0,0.79,139.5896252167424,45.92603006118946,0.5822156198526637,8,2
6,5,aug,tue,94.3,131.7,607.1,22.7,19.4,55,4.0,0.0,0.17,170.78030650886214,63.42371696315931,0.15700374880966475,8,2
2,2,aug,tue,92.1,152.6,658.2,14.3,23.7,24,3.1,0.0,0.0,193.21211887998174,48.640113606230436,0.0,8,2
3,4,aug,tue,92.1,152.6,658.2,14.3,21.0,32,3.1,0.0,0.0,193.21211887998174,48.640113606230436,0.0,8,2
4,4,aug,tue,92.1,152.6,658.2,14.3,19.1,53,2.7,0.0,4.4,193.21211887998174,48.640113606230436,1.6863989535702288,8,2
2,2,aug,tue,92.1,152.6,658.2,14.3,21.8,56,3.1,0.0,0.52,193.21211887998174,48.640113606230436,0.41871033485818504,8,2
8,6,aug,tue,92.1,152.6,658.2,14.3,20.1,58,4.5,0.0,9.27,193.21211887998174,48.640113606230436,2.329227023940467,8,2
2,5,aug,tue,92.1,152.6,658.2,14.3,20.2,47,4.0,0.0,3.09,193.21211887998174,48.640113606230436,1.4085449700547104,8,2
4,6,dec,sun,84.4,27.2,353.5,6.8,4.8,57,8.5,0.0,8.98,45.62372479213747,15.987111347226081,2.300583090323373,12,7
8,6,dec,wed,84.0,27.8,354.6,5.3,5.1,61,8.0,0.0,11.19,46.48846970026829,13.33168581747241,2.5006159434931803,12,3
4,6,dec,thu,84.6,26.4,352.0,2.0,5.1,61,4.9,0.0,5.38,44.46315789447092,5.560806401203038,1.8531680973566984,12,4
4,4,dec,mon,85.4,25.4,349.7,2.6,4.6,21,8.5,0.0,17.85,42.993126814841524,6.973990656184445,2.93651291389402,12,1
3,4,dec,mon,85.4,25.4,349.7,2.6,4.6,21,8.5,0.0,10.73,42.993126814841524,6.973990656184445,2.462149662665384,12,1
4,4,dec,mon,85.4,25.4,349.7,2.6,4.6,21,8.5,0.0,22.03,42.993126814841524,6.973990656184445,3.136797713832594,12,1
4,4,dec,mon,85.4,25.4,349.7,2.6,4.6,21,8.5,0.0,9.77,42.993126814841524,6.973990656184445,2.3767644911682972,12,1
4,6,dec,fri,84.7,26.7,352.6,4.1,2.2,59,4.9,0.0,9.27,44.900059615804814,10.633831985734478,2.329227023940467,12,5
6,5,dec,tue,85.4,25.4,349.7,2.6,5.1,24,8.5,0.0,24.77,42.993126814841524,6.973990656184445,3.2492110246642736,12,2
6,3,feb,sun,84.9,27.5,353.5,3.4,4.2,51,4.0,0.0,0.0,46.044997039395824,9.225695252112557,0.0,2,7
3,4,feb,wed,86.9,6.6,18.7,3.2,8.8,35,3.1,0.0,1.1,7.012499999501953,2.6629269209175024,0.7419373447293773,2,3
5,4,feb,fri,85.2,4.9,15.8,6.3,7.5,46,8.0,0.0,24.24,5.520142602003553,5.085153233664045,3.228430037673012,2,5
2,5,jul,sun,93.9,169.7,411.8,12.3,23.4,40,6.3,0.0,0.0,169.64057688753255,43.25570329320878,0.0,7,7
7,6,jul,wed,91.2,183.1,437.7,12.5,12.6,90,7.6,0.2,0.0,183.00116883550024,44.309744931528336,0.0,7,3
7,4,jul,sat,91.6,104.2,474.9,9.0,22.1,49,2.7,0.0,0.0,134.57867826987157,33.155749148400325,0.0,7,6
7,4,jul,sat,91.6,104.2,474.9,9.0,24.2,32,1.8,0.0,0.0,134.57867826987157,33.155749148400325,0.0,7,6
7,4,jul,sat,91.6,104.2,474.9,9.0,24.3,30,1.8,0.0,0.0,134.57867826987157,33.155749148400325,0.0,7,6
2,5,jul,sat,91.6,104.2,474.9,9.0,18.7,53,1.8,0.0,0.0,134.57867826987157,33.155749148400325,0.0,7,6
9,4,jul,sat,91.6,104.2,474.9,9.0,25.3,39,0.9,0.0,8.0,134.57867826987157,33.155749148400325,2.1972245773362196,7,6
4,5,jul,fri,91.6,100.2,466.3,6.3,22.9,40,1.3,0.0,2.64,130.36623883883104,25.732553314788383,1.2919836816486494,7,5
7,6,jul,tue,93.1,180.4,430.8,11.0,26.9,28,5.4,0.0,86.45,180.30088414137688,40.721690967299885,4.471067201464611,7,2
8,6,jul,tue,92.3,88.8,440.9,8.5,17.1,67,3.6,0.0,6.57,118.1231558299965,30.38883506029925,2.0241930674493576,7,2
7,5,jun,sun,93.1,180.4,430.8,11.0,22.2,48,1.3,0.0,0.0,180.30088414137688,40.721690967299885,0.0,6,7
6,4,jun,sun,90.4,89.5,290.8,6.4,14.3,46,1.8,0.0,0.9,101.16256923476261,23.305091489942487,0.6418538861723948,6,7
8,6,jun,sun,90.4,89.5,290.8,6.4,15.4,45,2.2,0.0,0.0,101.16256923476261,23.305091489942487,0.0,6,7
8,6,jun,wed,91.2,147.8,377.2,12.7,19.6,43,4.9,0.0,0.0,149.3241194584528,42.843635997537014,0.0,6,3
6,5,jun,sat,53.4,71.0,233.8,0.4,10.6,90,2.7,0.0,0.0,80.71869681448628,0.9530376034677167,0.0,6,6
6,5,jun,mon,90.4,93.3,298.1,7.5,20.7,25,4.9,0.0,0.0,104.68704243857773,26.46096528004277,0.0,6,1
6,5,jun,mon,90.4,93.3,298.1,7.5,19.1,39,5.4,0.0,3.52,104.68704243857773,26.46096528004277,1.5085119938441398,6,1
3,6,jun,fri,91.1,94.1,232.1,7.1,19.2,38,4.5,0.0,0.0,94.08620440980269,24.18103834983095,0.0,6,5
3,6,jun,fri,91.1,94.1,232.1,7.1,19.2,38,4.5,0.0,0.0,94.08620440980269,24.18103834983095,0.0,6,5
6,5,may,sat,85.1,28.0,113.8,3.5,11.3,94,4.9,0.0,0.0,34.67247007569814,7.969456876521776,0.0,5,6
1,4,sep,sun,89.6,84.1,714.3,5.7,19.0,52,2.2,0.0,0.0,129.9499864795578,23.96881421643043,0.0,9,7
7,4,sep,sun,89.6,84.1,714.3,5.7,17.1,53,5.4,0.0,0.41,129.9499864795578,23.96881421643043,0.3435897043900769,9,7
3,4,sep,sun,89.6,84.1,714.3,5.7,23.8,35,3.6,0.0,5.18,129.9499864795578,23.96881421643043,1.8213182714695995,9,7
2,4,sep,sun,92.4,105.8,758.1,9.9,16.0,45,1.8,0.0,0.0,156.86872677450404,36.93375805996619,0.0,9,7
2,4,sep,sun,92.4,105.8,758.1,9.9,24.9,27,2.2,0.0,0.0,156.86872677450404,36.93375805996619,0.0,9,7
7,4,sep,sun,92.4,105.8,758.1,9.9,25.3,27,2.7,0.0,0.0,156.86872677450404,36.93375805996619,0.0,9,7
6,3,sep,sun,92.4,105.8,758.1,9.9,24.8,28,1.8,0.0,14.29,156.86872677450404,36.93375805996619,2.727199019940971,9,7
2,4,sep,sun,50.4,46.2,706.6,0.4,12.2,78,6.3,0.0,0.0,79.41836759494156,0.9423238105405446,0.0,9,7
6,5,sep,wed,92.6,115.4,777.1,8.8,24.3,27,4.9,0.0,0.0,168.31332582543095,34.74056582429811,0.0,9,3
4,4,sep,wed,92.6,115.4,777.1,8.8,19.7,41,1.8,0.0,1.58,168.31332582543095,34.74056582429811,0.9477893989335261,9,3
3,4,sep,wed,91.2,134.7,817.5,7.2,18.5,30,2.7,0.0,0.0,190.80311890796878,31.090585432038488,0.0,9,3
4,5,sep,thu,92.4,96.2,739.4,8.6,18.6,24,5.8,0.0,0.0,145.17865088237275,32.952075295952454,0.0,9,4
4,4,sep,thu,92.4,96.2,739.4,8.6,19.2,24,4.9,0.0,3.78,145.17865088237275,32.952075295952454,1.5644405465033646,9,4
6,5,sep,thu,92.8,119.0,783.5,7.5,21.6,27,2.2,0.0,0.0,172.50046253429116,31.39218748149091,0.0,9,4
5,4,sep,thu,92.8,119.0,783.5,7.5,21.6,28,6.3,0.0,4.41,172.50046253429116,31.39218748149091,1.6882490928583902,9,4
6,3,sep,thu,92.8,119.0,783.5,7.5,18.9,34,7.2,0.0,34.36,172.50046253429116,31.39218748149091,3.5655812377694427,9,4
1,4,sep,thu,92.8,119.0,783.5,7.5,16.8,28,4.0,0.0,7.21,172.50046253429116,31.39218748149091,2.105352923464337,9,4
6,5,sep,thu,92.8,119.0,783.5,7.5,16.8,28,4.0,0.0,1.01,172.50046253429116,31.39218748149091,0.6981347220709844,9,4
3,5,sep,thu,90.7,136.9,822.8,6.8,12.9,39,2.7,0.0,2.18,193.36735762372138,29.974543403499023,1.1568811967920856,9,4
6,5,sep,thu,88.1,53.3,726.9,5.4,13.7,56,1.8,0.0,4.42,90.08607800938765,19.444216520850908,1.6900958154515549,9,4
1,4,sep,sat,92.2,102.3,751.5,8.4,24.2,27,3.1,0.0,0.0,152.65018615003063,32.90339747303044,0.0,9,6
5,4,sep,sat,92.2,102.3,751.5,8.4,24.1,27,3.1,0.0,0.0,152.65018615003063,32.90339747303044,0.0,9,6
6,5,sep,sat,92.2,102.3,751.5,8.4,21.2,32,2.2,0.0,0.0,152.65018615003063,32.90339747303044,0.0,9,6
6,5,sep,sat,92.2,102.3,751.5,8.4,19.7,35,1.8,0.0,0.0,152.65018615003063,32.90339747303044,0.0,9,6
4,3,sep,sat,92.2,102.3,751.5,8.4,23.5,27,4.0,0.0,3.33,152.65018615003063,32.90339747303044,1.4655675420143985,9,6
3,3,sep,sat,92.2,102.3,751.5,8.4,24.2,27,3.1,0.0,6.58,152.65018615003063,32.90339747303044,2.0255131996542803,9,6
7,4,sep,sat,91.2,124.4,795.3,8.5,21.5,28,4.5,0.0,15.64,178.85803127501842,34.3602800469632,2.8118094353930627,9,6
4,4,sep,sat,91.2,124.4,795.3,8.5,17.1,41,2.2,0.0,11.22,178.85803127501842,34.3602800469632,2.503073953743449,9,6
1,4,sep,mon,92.1,87.7,721.1,9.5,18.1,54,3.1,0.0,2.13,134.504110171387,34.36058847404287,1.1410330045520618,9,1
2,3,sep,mon,91.6,108.4,764.0,6.2,18.0,51,5.4,0.0,0.0,160.03400966144923,27.12248114196098,0.0,9,1
4,3,sep,mon,91.6,108.4,764.0,6.2,9.8,86,1.8,0.0,0.0,160.03400966144923,27.12248114196098,0.0,9,1
7,4,sep,mon,91.6,108.4,764.0,6.2,19.3,44,2.2,0.0,0.0,160.03400966144923,27.12248114196098,0.0,9,1
6,3,sep,mon,91.6,108.4,764.0,6.2,23.0,34,2.2,0.0,56.04,160.03400966144923,27.12248114196098,4.04375277610604,9,1
8,6,sep,mon,91.6,108.4,764.0,6.2,22.7,35,2.2,0.0,7.48,160.03400966144923,27.12248114196098,2.1377104498038118,9,1
2,4,sep,mon,91.6,108.4,764.0,6.2,20.4,41,1.8,0.0,1.47,160.03400966144923,27.12248114196098,0.9042181506398859,9,1
2,5,sep,mon,91.6,108.4,764.0,6.2,19.3,44,2.2,0.0,3.93,160.03400966144923,27.12248114196098,1.5953389880545987,9,1
8,6,sep,mon,91.9,111.7,770.3,6.5,15.7,51,2.2,0.0,0.0,163.96076413662055,28.179713660657455,0.0,9,1
6,3,sep,mon,91.5,130.1,807.1,7.5,20.6,37,1.8,0.0,0.0,185.46157989979807,31.81128378255864,0.0,9,1
8,6,sep,mon,91.5,130.1,807.1,7.5,15.9,51,4.5,0.0,2.18,185.46157989979807,31.81128378255864,1.1568811967920856,9,1
6,3,sep,mon,91.5,130.1,807.1,7.5,12.2,66,4.9,0.0,6.1,185.46157989979807,31.81128378255864,1.9600947840472698,9,1
2,2,sep,mon,91.5,130.1,807.1,7.5,16.8,43,3.1,0.0,5.83,185.46157989979807,31.81128378255864,1.9213246735826988,9,1
1,4,sep,mon,91.5,130.1,807.1,7.5,21.3,35,2.2,0.0,28.19,185.46157989979807,31.81128378255864,3.3738261848660236,9,1
5,4,sep,fri,92.1,99.0,745.3,9.6,10.1,75,3.6,0.0,0.0,148.63960515675706,35.683104816563706,0.0,9,5
3,4,sep,fri,92.1,99.0,745.3,9.6,17.4,57,4.5,0.0,0.0,148.63960515675706,35.683104816563706,0.0,9,5
5,4,sep,fri,92.1,99.0,745.3,9.6,12.8,64,3.6,0.0,1.64,148.63960515675706,35.683104816563706,0.9707789171582247,9,5
5,4,sep,fri,92.1,99.0,745.3,9.6,10.1,75,3.6,0.0,3.71,148.63960515675706,35.683104816563706,1.5496879080283263,9,5
4,4,sep,fri,92.1,99.0,745.3,9.6,15.4,53,6.3,0.0,7.31,148.63960515675706,35.683104816563706,2.1174596088673567,9,5
7,4,sep,fri,92.1,99.0,745.3,9.6,20.6,43,3.6,0.0,2.03,148.63960515675706,35.683104816563706,1.1085626195212777,9,5
7,4,sep,fri,92.1,99.0,745.3,9.6,19.8,47,2.7,0.0,1.72,148.63960515675706,35.683104816563706,1.000631880307906,9,5
7,4,sep,fri,92.1,99.0,745.3,9.6,18.7,50,2.2,0.0,5.97,148.63960515675706,35.683104816563706,1.9416152247724325,9,5
4,4,sep,fri,92.1,99.0,745.3,9.6,20.8,35,4.9,0.0,13.06,148.63960515675706,35.683104816563706,2.643333886382519,9,5
4,4,sep,fri,92.1,99.0,745.3,9.6,20.8,35,4.9,0.0,1.26,148.63960515675706,35.683104816563706,0.8153648132841945,9,5
6,3,sep,fri,92.5,122.0,789.7,10.2,15.9,55,3.6,0.0,0.0,176.01790444830544,38.6120014403798,0.0,9,5
6,3,sep,fri,92.5,122.0,789.7,10.2,19.7,39,2.7,0.0,0.0,176.01790444830544,38.6120014403798,0.0,9,5
1,4,sep,fri,92.5,122.0,789.7,10.2,21.1,39,2.2,0.0,8.12,176.01790444830544,38.6120014403798,2.21046980408624,9,5
6,5,sep,fri,92.5,122.0,789.7,10.2,18.4,42,2.2,0.0,1.09,176.01790444830544,38.6120014403798,0.7371640659767197,9,5
4,3,sep,fri,92.5,122.0,789.7,10.2,17.3,45,4.0,0.0,3.94,176.01790444830544,38.6120014403798,1.597365331199831,9,5
7,4,sep,fri,88.2,55.2,732.3,11.6,15.2,64,3.1,0.0,0.52,92.8943123058345,33.582066085018624,0.41871033485818504,9,5
4,3,sep,tue,91.9,111.7,770.3,6.5,15.9,53,2.2,0.0,2.93,163.96076413662055,28.179713660657455,1.3686394258811698,9,2
6,5,sep,tue,91.9,111.7,770.3,6.5,21.1,35,2.7,0.0,5.65,163.96076413662055,28.179713660657455,1.8946168546677629,9,2
6,5,sep,tue,91.9,111.7,770.3,6.5,19.6,45,3.1,0.0,20.03,163.96076413662055,28.179713660657455,3.0459499897146083,9,2
4,5,sep,tue,91.1,132.3,812.1,12.5,15.9,38,5.4,0.0,1.75,188.0226276410115,44.49752291977684,1.0116009116784799,9,2
4,5,sep,tue,91.1,132.3,812.1,12.5,16.4,27,3.6,0.0,0.0,188.0226276410115,44.49752291977684,0.0,9,2
6,5,sep,sat,91.2,94.3,744.4,8.4,16.8,47,4.9,0.0,12.64,143.23709636243626,32.30749483958033,2.613006652415316,9,6
4,5,sep,sun,91.0,276.3,825.1,7.1,13.8,77,7.6,0.0,0.0,300.7885080972709,31.814198481551024,0.0,9,7
7,4,sep,sun,91.0,276.3,825.1,7.1,13.8,77,7.6,0.0,11.06,300.7885080972709,31.814198481551024,2.4898941912990393,9,7
3,4,jul,wed,91.9,133.6,520.5,8.0,14.2,58,4.0,0.0,0.0,162.75904037401182,32.36633119432286,0.0,7,3
4,5,aug,sun,92.0,203.2,664.5,8.1,10.4,75,0.9,0.0,0.0,230.32221748351742,34.33549065451709,0.0,8,7
5,4,aug,thu,94.8,222.4,698.6,13.9,20.3,42,2.7,0.0,0.0,247.67836760671196,48.85296444726862,0.0,8,4
6,5,sep,fri,90.3,290.0,855.3,7.4,10.3,78,4.0,0.0,18.3,313.91128266735126,32.73081541634062,2.9601050959108397,9,5
6,5,sep,sat,91.2,94.3,744.4,8.4,15.4,57,4.9,0.0,39.35,143.23709636243626,32.30749483958033,3.6975913947159578,9,6
8,6,aug,mon,92.1,207.0,672.6,8.2,21.1,54,2.2,0.0,0.0,233.97731283036308,34.65462721584358,0.0,8,1
2,2,aug,sat,93.7,231.1,715.1,8.4,21.9,42,2.2,0.0,174.63,255.65163785385843,35.390033166654945,5.168379509433644,8,6
6,5,mar,thu,90.9,18.9,30.6,8.0,8.7,51,5.8,0.0,0.0,18.687501552600786,11.387069578128653,0.0,3,4
4,5,jan,sun,18.7,1.1,171.4,0.0,5.2,100,0.9,0.0,0.0,2.1652598334458046,0.0,0.0,1,7
5,4,jul,wed,93.7,101.3,458.8,11.9,19.3,39,7.2,0.0,7.73,130.54263043279778,39.418087867698496,2.166765369851511,7,3
8,6,aug,thu,90.7,194.1,643.0,6.8,16.2,63,2.7,0.0,16.33,221.23873254991972,30.44746696243298,2.8524391037275145,8,4
8,6,aug,wed,95.2,217.7,690.0,18.0,28.2,29,1.8,0.0,5.86,243.40773749191126,57.31394289361731,1.925707441737794,8,3
9,6,aug,thu,91.6,248.4,753.8,6.3,20.5,58,2.7,0.0,42.87,272.3944137324113,29.272663702747035,3.7812307151781224,8,4
8,4,aug,sat,91.6,273.8,819.1,7.7,21.3,44,4.5,0.0,12.18,298.3101622767054,33.57742991331357,2.578700529074361,8,6
2,4,aug,sun,91.6,181.3,613.0,7.6,20.9,50,2.2,0.0,16.0,208.46311840513846,32.61138931374596,2.833213344056216,8,7
3,4,sep,sun,90.5,96.7,750.5,11.4,20.6,55,5.4,0.0,24.59,146.28037288952817,39.73834872335988,3.2422016501716975,9,7
5,5,mar,thu,90.9,18.9,30.6,8.0,11.6,48,5.4,0.0,0.0,18.687501552600786,11.387069578128653,0.0,3,4
6,4,aug,fri,94.8,227.0,706.7,12.0,23.3,34,3.1,0.0,28.74,251.79861874067697,44.55240407683216,3.392492941032009,8,5
7,4,aug,fri,94.8,227.0,706.7,12.0,23.3,34,3.1,0.0,0.0,251.79861874067697,44.55240407683216,0.0,8,5
7,4,feb,mon,84.7,9.5,58.3,4.1,7.5,71,6.3,0.0,9.96,13.500304691849474,5.259956018631513,2.3942522815198695,2,1
8,6,sep,fri,91.1,91.3,738.1,7.2,20.7,46,2.7,0.0,30.18,139.47023335194427,28.874554842543546,3.4397768636296306,9,5
1,3,sep,sun,91.0,276.3,825.1,7.1,21.9,43,4.0,0.0,70.76,300.7885080972709,31.814198481551024,4.27332721775054,9,7
2,4,mar,tue,93.4,15.0,25.6,11.4,15.2,19,7.6,0.0,0.0,14.817130396975722,13.491948100229092,0.0,3,2
6,5,feb,mon,84.1,4.6,46.7,2.2,5.3,68,1.8,0.0,0.0,7.3821305838753375,1.5134313982873802,0.0,2,1
4,5,feb,sun,85.0,9.0,56.9,3.5,10.1,62,1.8,0.0,51.78,12.899244332087555,4.346834284325713,3.966132331075178,2,7
4,3,sep,sun,90.5,96.7,750.5,11.4,20.4,55,4.9,0.0,3.64,146.28037288952817,39.73834872335988,1.534714366238164,9,7
5,6,aug,sun,91.6,181.3,613.0,7.6,24.3,33,3.6,0.0,3.63,208.46311840513846,32.61138931374596,1.5325568680981427,8,7
1,2,aug,sat,93.7,231.1,715.1,8.4,25.9,32,3.1,0.0,0.0,255.65163785385843,35.390033166654945,0.0,8,6
9,5,jun,wed,93.3,49.5,297.7,14.0,28.0,34,4.5,0.0,0.0,69.93071538693837,33.11639722576011,0.0,6,3
9,5,jun,wed,93.3,49.5,297.7,14.0,28.0,34,4.5,0.0,8.16,69.93071538693837,33.11639722576011,2.214846178686039,6,3
3,4,sep,thu,91.1,88.2,731.7,8.3,22.8,46,4.0,0.0,4.95,135.5512287331035,31.486152447591625,1.7833912195575383,9,4
9,9,aug,fri,94.8,227.0,706.7,12.0,25.0,36,4.0,0.0,0.0,251.79861874067697,44.55240407683216,0.0,8,5
8,6,aug,thu,90.7,194.1,643.0,6.8,21.3,41,3.6,0.0,0.0,221.23873254991972,30.44746696243298,0.0,8,4
2,4,sep,wed,87.9,84.8,725.1,3.7,21.8,34,2.2,0.0,6.04,131.2314160705068,17.61781592647328,1.951608170169951,9,3
2,2,aug,tue,94.6,212.1,680.9,9.5,27.9,27,2.2,0.0,0.0,238.48225240424702,38.21536647569759,0.0,8,2
6,5,sep,sat,87.1,291.3,860.6,4.0,17.0,67,4.9,0.0,3.95,315.56506907462074,21.408946998786295,1.599387576580599,9,6
4,5,feb,sat,84.7,8.2,55.0,2.9,14.2,46,4.0,0.0,0.0,11.94701986715407,3.3490419012713555,0.0,2,6
4,3,sep,fri,90.3,290.0,855.3,7.4,19.9,44,3.1,0.0,7.8,313.91128266735126,32.73081541634062,2.174751721484161,9,5
1,4,jul,tue,92.3,96.2,450.2,12.1,23.4,31,5.4,0.0,0.0,125.40680469043937,39.28170456252378,0.0,7,2
6,3,feb,fri,84.1,7.3,52.8,2.7,14.7,42,2.7,0.0,0.0,10.84982406717629,2.8695806910068544,0.0,2,5
7,4,feb,fri,84.6,3.2,43.6,3.3,8.2,53,9.4,0.0,4.62,5.407751937722494,2.3499202274979147,1.7263316639055997,2,5
9,4,jul,mon,92.3,92.1,442.1,9.8,22.8,27,4.5,0.0,1.63,121.11968468758413,33.76130389536818,0.9669838461896731,7,1
7,5,aug,sat,93.7,231.1,715.1,8.4,26.4,33,3.6,0.0,0.0,255.65163785385843,35.390033166654945,0.0,8,6
5,4,aug,sun,93.6,235.1,723.1,10.1,24.1,50,4.0,0.0,0.0,259.374924666706,39.940408448307316,0.0,8,7
8,6,aug,thu,94.8,222.4,698.6,13.9,27.5,27,4.9,0.0,746.28,247.67836760671196,48.85296444726862,6.616439947564594,8,4
6,3,jul,tue,92.7,164.1,575.8,8.9,26.3,39,3.1,0.0,7.02,191.65109274328975,35.81927405259993,2.081938421878423,7,2
6,5,mar,wed,93.4,17.3,28.3,9.9,13.8,24,5.8,0.0,0.0,17.094544190928325,12.923116836349235,0.0,3,3
2,4,aug,sun,92.0,203.2,664.5,8.1,24.9,42,5.4,0.0,2.44,230.32221748351742,34.33549065451709,1.235471471385307,8,7
2,5,aug,sun,91.6,181.3,613.0,7.6,24.8,36,4.0,0.0,3.05,208.46311840513846,32.61138931374596,1.3987168811184478,8,7
8,8,aug,wed,91.7,191.4,635.9,7.8,26.2,36,4.5,0.0,185.76,218.43370423497302,33.33863939845682,5.229824370102736,8,3
2,4,aug,wed,95.2,217.7,690.0,18.0,30.8,19,4.5,0.0,0.0,243.40773749191126,57.31394289361731,0.0,8,3
8,6,jul,sun,88.9,263.1,795.9,5.2,29.3,27,3.6,0.0,6.3,288.1041378593745,25.705925992124428,1.9878743481543455,7,7
1,3,sep,sat,91.2,94.3,744.4,8.4,22.3,48,4.0,0.0,0.72,143.23709636243626,32.30749483958033,0.5423242908253617,9,6
8,6,aug,sat,93.7,231.1,715.1,8.4,26.9,31,3.6,0.0,4.96,255.65163785385843,35.390033166654945,1.7850704810772584,8,6
2,2,aug,thu,91.6,248.4,753.8,6.3,20.4,56,2.2,0.0,0.0,272.3944137324113,29.272663702747035,0.0,8,4
8,6,aug,thu,91.6,248.4,753.8,6.3,20.4,56,2.2,0.0,0.0,272.3944137324113,29.272663702747035,0.0,8,4
2,4,aug,mon,92.1,207.0,672.6,8.2,27.9,33,2.2,0.0,2.35,233.97731283036308,34.65462721584358,1.208960345836975,8,1
1,3,aug,thu,94.8,222.4,698.6,13.9,26.2,34,5.8,0.0,0.0,247.67836760671196,48.85296444726862,0.0,8,4
3,4,aug,sun,91.6,181.3,613.0,7.6,24.6,44,4.0,0.0,3.2,208.46311840513846,32.61138931374596,1.4350845252893227,8,7
7,4,sep,thu,89.7,287.2,849.3,6.8,19.4,45,3.6,0.0,0.0,311.26007784037625,30.92442449259155,0.0,9,4
1,3,aug,sat,92.1,178.0,605.3,9.6,23.3,40,4.0,0.0,6.36,205.16690469340864,37.974210429949444,1.9960599327407849,8,6
8,6,aug,thu,94.8,222.4,698.6,13.9,23.9,38,6.7,0.0,0.0,247.67836760671196,48.85296444726862,0.0,8,4
2,4,aug,sun,93.6,235.1,723.1,10.1,20.9,66,4.9,0.0,15.34,259.374924666706,39.940408448307316,2.7936160894318567,8,7
1,4,aug,fri,90.6,269.8,811.2,5.5,22.2,45,3.6,0.0,0.0,294.62443292674396,26.73679222812478,0.0,8,5
2,5,jul,sat,90.8,84.7,376.6,5.6,23.8,51,1.8,0.0,0.0,108.43212373541077,21.917529453865477,0.0,7,6
8,6,aug,mon,92.1,207.0,672.6,8.2,26.8,35,1.3,0.0,0.54,233.97731283036308,34.65462721584358,0.43178241642553783,8,1
8,6,aug,sat,89.4,253.6,768.4,9.7,14.2,73,2.7,0.0,0.0,277.9039361090311,39.00478240119746,0.0,8,6
2,5,aug,sat,93.7,231.1,715.1,8.4,23.6,53,4.0,0.0,6.43,255.65163785385843,35.390033166654945,2.005525858729668,8,6
1,3,sep,fri,91.1,91.3,738.1,7.2,19.1,46,2.2,0.0,0.33,139.47023335194427,28.874554842543546,0.28517894223366236,9,5
5,4,sep,fri,90.3,290.0,855.3,7.4,16.2,58,3.6,0.0,0.0,313.91128266735126,32.73081541634062,0.0,9,5
8,6,aug,mon,92.1,207.0,672.6,8.2,25.5,29,1.8,0.0,1.23,233.97731283036308,34.65462721584358,0.8020015854720274,8,1
6,5,apr,mon,87.9,24.9,41.6,3.7,10.9,64,3.1,0.0,3.35,24.69368596860502,6.8243332276686415,1.4701758451005928,4,1
1,2,jul,fri,90.7,80.9,368.3,16.8,14.8,78,8.0,0.0,0.0,104.44472877002698,45.06401336970554,0.0,7,5
2,5,sep,fri,90.3,290.0,855.3,7.4,16.2,58,3.6,0.0,9.96,313.91128266735126,32.73081541634062,2.3942522815198695,9,5
5,5,aug,sun,94.0,47.9,100.7,10.7,17.3,80,4.5,0.0,0.0,47.789603602498225,22.807789553590638,0.0,8,7
6,5,aug,sun,92.0,203.2,664.5,8.1,19.1,70,2.2,0.0,0.0,230.32221748351742,34.33549065451709,0.0,8,7
3,4,mar,wed,93.4,17.3,28.3,9.9,8.9,35,8.0,0.0,0.0,17.094544190928325,12.923116836349235,0.0,3,3
7,4,sep,wed,89.7,284.9,844.0,10.1,10.5,77,4.0,0.0,0.0,309.01924497942326,40.13548498729652,0.0,9,3
7,4,aug,sun,91.6,181.3,613.0,7.6,19.3,61,4.9,0.0,0.0,208.46311840513846,32.61138931374596,0.0,8,7
4,5,aug,wed,95.2,217.7,690.0,18.0,23.4,49,5.4,0.0,6.43,243.40773749191126,57.31394289361731,2.005525858729668,8,3
1,4,aug,fri,90.5,196.8,649.9,16.3,11.8,88,4.9,0.0,9.71,224.01317103024783,53.613555504497135,2.3711778844596574,8,5
7,4,aug,mon,91.5,238.2,730.6,7.5,17.7,65,4.0,0.0,0.0,262.46726491165356,32.86787692816286,0.0,8,1
4,5,aug,thu,89.4,266.2,803.3,5.6,17.4,54,3.1,0.0,0.0,291.17437363784865,27.062829316415705,0.0,8,4
3,4,aug,thu,91.6,248.4,753.8,6.3,16.8,56,3.1,0.0,0.0,272.3944137324113,29.272663702747035,0.0,8,4
3,4,jul,mon,94.6,160.0,567.2,16.7,17.9,48,2.7,0.0,0.0,187.65922249744713,53.37053070827265,0.0,7,1
2,4,aug,thu,91.6,248.4,753.8,6.3,16.6,59,2.7,0.0,0.0,272.3944137324113,29.272663702747035,0.0,8,4
1,4,aug,wed,91.7,191.4,635.9,7.8,19.9,50,4.0,0.0,82.75,218.43370423497302,33.33863939845682,4.427836170705175,8,3
8,6,aug,sat,93.7,231.1,715.1,8.4,18.9,64,4.9,0.0,3.32,255.65163785385843,35.390033166654945,1.463255402256019,8,6
7,4,aug,sat,91.6,273.8,819.1,7.7,15.5,72,8.0,0.0,1.94,298.3101622767054,33.57742991331357,1.0784095813505903,8,6
2,5,aug,sat,93.7,231.1,715.1,8.4,18.9,64,4.9,0.0,0.0,255.65163785385843,35.390033166654945,0.0,8,6
8,6,aug,sat,93.7,231.1,715.1,8.4,18.9,64,4.9,0.0,0.0,255.65163785385843,35.390033166654945,0.0,8,6
1,4,sep,sun,91.0,276.3,825.1,7.1,14.5,76,7.6,0.0,3.71,300.7885080972709,31.814198481551024,1.5496879080283263,9,7
6,5,feb,tue,75.1,4.4,16.2,1.9,4.6,82,6.3,0.0,5.39,5.2411764701065096,0.8343032244915362,1.8547342683894434,2,2
6,4,feb,tue,75.1,4.4,16.2,1.9,5.1,77,5.4,0.0,2.14,5.2411764701065096,0.8343032244915362,1.144222799920162,2,2
2,2,feb,sat,79.5,3.6,15.3,1.8,4.6,59,0.9,0.0,6.84,4.533333332866942,0.7427266641311777,2.0592388343623163,2,6
6,5,mar,mon,87.2,15.1,36.9,7.1,10.2,45,5.8,0.0,3.18,15.088952457737989,9.251482933808534,1.430311246536665,3,1
3,4,mar,wed,90.2,18.5,41.1,7.3,11.2,41,5.4,0.0,5.55,18.441575571689516,10.492955247520687,1.8794650496471605,3,3
6,5,mar,thu,91.3,20.6,43.5,8.5,13.3,27,3.6,0.0,6.61,20.515353677915996,12.531552073541977,2.0294631718735947,3,4
6,3,apr,sun,91.0,14.6,25.6,12.3,13.7,33,9.4,0.0,61.13,14.430191816914498,14.140526364847748,4.129228964075603,4,7
5,4,apr,sun,91.0,14.6,25.6,12.3,17.6,27,5.8,0.0,0.0,14.430191816914498,14.140526364847748,0.0,4,7
4,3,may,fri,89.6,25.4,73.7,5.7,18.0,40,4.0,0.0,38.48,27.28833819192259,10.53173170036193,3.675794214565281,5,5
8,3,jun,mon,88.2,96.2,229.0,4.7,14.3,79,4.0,0.0,1.94,96.14881054040967,18.180346298578122,1.0784095813505903,6,1
9,4,jun,sat,90.5,61.1,252.6,9.4,24.5,50,3.1,0.0,70.32,76.15078327324441,26.37846236824165,4.267176792994939,6,6
4,3,jun,thu,93.0,103.8,316.7,10.8,26.4,35,2.7,0.0,10.08,114.1043387707649,35.14738507601894,2.405141681319138,6,4
2,5,jun,thu,93.7,121.7,350.2,18.0,22.7,40,9.4,0.0,3.19,130.24475513740452,51.24527609371728,1.4327007339340463,6,4
4,3,jul,thu,93.5,85.3,395.0,9.9,27.2,28,1.3,0.0,1.76,110.78832716764985,32.765761987131334,1.0152306797290587,7,4
4,3,jul,sun,93.7,101.3,423.4,14.7,26.1,45,4.0,0.0,7.36,126.77283676891018,44.68750606104137,2.1234584270966104,7,7
7,4,jul,sun,93.7,101.3,423.4,14.7,18.2,82,4.5,0.0,2.21,126.77283676891018,44.68750606104137,1.1662709371419244,7,7
7,4,jul,mon,89.2,103.9,431.6,6.4,22.6,57,4.9,0.0,278.53,129.72659289748418,25.96737995444389,5.633109621361155,7,1
9,9,jul,thu,93.2,114.4,560.0,9.5,30.2,25,4.5,0.0,2.75,151.45153664257847,35.621232571442924,1.3217558399823195,7,4
4,3,jul,thu,93.2,114.4,560.0,9.5,30.2,22,4.9,0.0,0.0,151.45153664257847,35.621232571442924,0.0,7,4
3,4,aug,sun,94.9,130.3,587.1,14.1,23.4,40,5.8,0.0,1.29,167.60503916260174,47.06251847079662,0.8285518175661483,8,7
8,6,aug,sun,94.9,130.3,587.1,14.1,31.0,27,5.4,0.0,0.0,167.60503916260174,47.06251847079662,0.0,8,7
2,5,aug,sun,94.9,130.3,587.1,14.1,33.1,25,4.0,0.0,26.43,167.60503916260174,47.06251847079662,3.311637304949512,8,7
2,4,aug,mon,95.0,135.5,596.3,21.3,30.6,28,3.6,0.0,2.07,172.8220950746676,61.150319439968364,1.1216775615991057,8,1
5,4,aug,tue,95.1,141.3,605.8,17.7,24.1,43,6.3,0.0,2.0,178.50902455508447,54.89284985438427,1.0986122886681098,8,2
5,4,aug,tue,95.1,141.3,605.8,17.7,26.4,34,3.6,0.0,16.4,178.50902455508447,54.89284985438427,2.856470206220483,8,2
4,4,aug,tue,95.1,141.3,605.8,17.7,19.4,71,7.6,0.0,46.7,178.50902455508447,54.89284985438427,3.8649313978942956,8,2
4,4,aug,wed,95.1,141.3,605.8,17.7,20.6,58,1.3,0.0,0.0,178.50902455508447,54.89284985438427,0.0,8,3
4,4,aug,wed,95.1,141.3,605.8,17.7,28.7,33,4.0,0.0,0.0,178.50902455508447,54.89284985438427,0.0,8,3
4,4,aug,thu,95.8,152.0,624.1,13.8,32.4,21,4.5,0.0,0.0,188.9516980375736,47.41246270233235,0.0,8,4
1,3,aug,fri,95.9,158.0,633.6,11.3,32.4,27,2.2,0.0,0.0,194.65059303860914,41.922519845760554,0.0,8,5
1,3,aug,fri,95.9,158.0,633.6,11.3,27.5,29,4.5,0.0,43.32,194.65059303860914,41.922519845760554,3.7914360424390283,8,5
6,6,aug,sat,96.0,164.0,643.0,14.0,30.8,30,4.9,0.0,8.59,200.28869895489012,48.21722384839362,2.2607208888953467,8,6
6,6,aug,mon,96.2,175.5,661.8,16.8,23.9,42,2.2,0.0,0.0,211.06882922127332,54.34101059488092,0.0,8,1
4,5,aug,mon,96.2,175.5,661.8,16.8,32.6,26,3.1,0.0,2.77,211.06882922127332,54.34101059488092,1.3270750014599193,8,1
3,4,aug,tue,96.1,181.1,671.2,14.3,32.3,27,2.2,0.0,14.68,216.2984474393516,49.261866495359456,2.7523860149222616,8,2
6,5,aug,tue,96.1,181.1,671.2,14.3,33.3,26,2.7,0.0,40.54,216.2984474393516,49.261866495359456,3.726656818447966,8,2
7,5,aug,tue,96.1,181.1,671.2,14.3,27.3,63,4.9,6.4,10.82,216.2984474393516,49.261866495359456,2.469793011977952,8,2
8,6,aug,tue,96.1,181.1,671.2,14.3,21.6,65,4.9,0.8,0.0,216.2984474393516,49.261866495359456,0.0,8,2
7,5,aug,tue,96.1,181.1,671.2,14.3,21.6,65,4.9,0.8,0.0,216.2984474393516,49.261866495359456,0.0,8,2
4,4,aug,tue,96.1,181.1,671.2,14.3,20.7,69,4.9,0.4,0.0,216.2984474393516,49.261866495359456,0.0,8,2
2,4,aug,wed,94.5,139.4,689.1,20.0,29.2,30,4.9,0.0,1.95,185.1590979178268,59.523641617606486,1.0818051703517284,8,3
4,3,aug,wed,94.5,139.4,689.1,20.0,28.9,29,4.9,0.0,49.59,185.1590979178268,59.523641617606486,3.923753928303845,8,3
1,2,aug,thu,91.0,163.2,744.4,10.1,26.7,35,1.8,0.0,5.8,210.8401249561549,39.3654639304815,1.916922612182061,8,4
1,2,aug,fri,91.0,166.9,752.6,7.1,18.5,73,8.5,0.0,0.0,214.74366799116396,31.256788330616644,0.0,8,5
2,4,aug,fri,91.0,166.9,752.6,7.1,25.9,41,3.6,0.0,0.0,214.74366799116396,31.256788330616644,0.0,8,5
1,2,aug,fri,91.0,166.9,752.6,7.1,25.9,41,3.6,0.0,0.0,214.74366799116396,31.256788330616644,0.0,8,5
5,4,aug,fri,91.0,166.9,752.6,7.1,21.1,71,7.6,1.4,2.17,214.74366799116396,31.256788330616644,1.1537315878891892,8,5
6,5,aug,fri,91.0,166.9,752.6,7.1,18.2,62,5.4,0.0,0.43,214.74366799116396,31.256788330616644,0.35767444427181594,8,5
8,6,aug,sun,81.6,56.7,665.6,1.9,27.8,35,2.7,0.0,0.0,93.48986189356077,8.70979086685591,0.0,8,7
4,3,aug,sun,81.6,56.7,665.6,1.9,27.8,32,2.7,0.0,6.44,93.48986189356077,8.70979086685591,2.0068708488450007,8,7
2,4,aug,sun,81.6,56.7,665.6,1.9,21.9,71,5.8,0.0,54.29,93.48986189356077,8.70979086685591,4.012592060349841,8,7
7,4,aug,sun,81.6,56.7,665.6,1.9,21.2,70,6.7,0.0,11.16,93.48986189356077,8.70979086685591,2.498151876538021,8,7
1,4,aug,sat,94.4,146.0,614.7,11.3,25.6,42,4.0,0.0,0.0,183.21159538587526,41.54514691636788,0.0,8,6
6,3,nov,tue,79.5,3.0,106.7,1.1,11.8,31,4.5,0.0,0.0,5.605954465726665,0.49773110186546554,0.0,11,2
